id,name,url,circuit_level,circuit_order,sector_id
cretesud-circuit50,Noir ED+,https://bleau.info/cretesud/circuit50.html,ED+,17,1
vauxdecernay-circuit216,Jaune PD+,https://bleau.info/vauxdecernay/circuit216.html,PD+,5,2
91.1-circuit106,Jaune PD+,https://bleau.info/91.1/circuit106.html,PD+,5,4
91.1-circuit107,Orange AD-,https://bleau.info/91.1/circuit107.html,AD-,6,4
91.1-circuit104,Orange AD+,https://bleau.info/91.1/circuit104.html,AD+,8,4
91.1-circuit383,Bleu D,https://bleau.info/91.1/circuit383.html,D,10,4
91.1-circuit105,Rouge TD,https://bleau.info/91.1/circuit105.html,TD,13,4
elephant-circuit168,Blanc EN,https://bleau.info/elephant/circuit168.html,EN,1,5
elephant-circuit170,Orange AD,https://bleau.info/elephant/circuit170.html,AD,7,5
elephant-circuit165,Bleu D,https://bleau.info/elephant/circuit165.html,D,10,5
elephant-circuit206,Vert TD,https://bleau.info/elephant/circuit206.html,TD,13,5
elephant-circuit166,Noir ED-,https://bleau.info/elephant/circuit166.html,ED-,15,5
zinnen-circuit338,Jaune PD,https://bleau.info/zinnen/circuit338.html,PD,4,8
zinnen-circuit316,Orange AD+,https://bleau.info/zinnen/circuit316.html,AD+,8,8
zinnen-circuit83,Bleu D,https://bleau.info/zinnen/circuit83.html,D,10,8
restant-circuit390,Orange AD+,https://bleau.info/restant/circuit390.html,AD+,8,10
restant-circuit201,Rouge TD,https://bleau.info/restant/circuit201.html,TD,13,10
95.2ouest-circuit249,Orange D-,https://bleau.info/95.2ouest/circuit249.html,D-,9,11
cuvier-circuit2,Orange AD+,https://bleau.info/cuvier/circuit2.html,AD+,8,12
cuvier-circuit5,Bleu TD-,https://bleau.info/cuvier/circuit5.html,TD-,12,12
cuvier-circuit6,Rouge TD+,https://bleau.info/cuvier/circuit6.html,TD+,14,12
cuvier-circuit7,Noir ED-,https://bleau.info/cuvier/circuit7.html,ED-,15,12
cuvier-circuit8,Blanc ED+,https://bleau.info/cuvier/circuit8.html,ED+,17,12
avon-circuit204,Orange AD,https://bleau.info/avon/circuit204.html,AD,7,16
avon-circuit288,Bleu AD+,https://bleau.info/avon/circuit288.html,AD+,8,16
raymond-circuit53,Rouge TD,https://bleau.info/raymond/circuit53.html,TD,13,20
butteauxdames-circuit357,Jaune PD+,https://bleau.info/butteauxdames/circuit357.html,PD+,5,23
butteauxdames-circuit313,Orange AD+,https://bleau.info/butteauxdames/circuit313.html,AD+,8,23
butteauxdames-circuit312,Bleu D,https://bleau.info/butteauxdames/circuit312.html,D,10,23
butteauxdames-circuit305,Noir TD+,https://bleau.info/butteauxdames/circuit305.html,TD+,14,23
rochesnoires-circuit355,Orange AD,https://bleau.info/rochesnoires/circuit355.html,AD,7,27
rochesnoires-circuit134,Bleu D,https://bleau.info/rochesnoires/circuit134.html,D,10,27
rochesnoires-circuit135,Rouge TD,https://bleau.info/rochesnoires/circuit135.html,TD,13,27
jean-circuit362,Orange AD,https://bleau.info/jean/circuit362.html,AD,7,32
jean-circuit254,Bleu D+,https://bleau.info/jean/circuit254.html,D+,11,32
restantsud-circuit345,Jaune PD,https://bleau.info/restantsud/circuit345.html,PD,4,37
restantsud-circuit299,Orange AD+,https://bleau.info/restantsud/circuit299.html,AD+,8,37
ussy-circuit66,Jaune PD-,https://bleau.info/ussy/circuit66.html,PD-,3,49
ussy-circuit67,Orange AD+,https://bleau.info/ussy/circuit67.html,AD+,8,49
ussy-circuit278,Bleu D+,https://bleau.info/ussy/circuit278.html,D+,11,49
ussy-circuit68,Rouge ED,https://bleau.info/ussy/circuit68.html,ED,16,49
hautepierre-circuit369,Jaune F,https://bleau.info/hautepierre/circuit369.html,F,2,50
hautepierre-circuit368,Orange AD,https://bleau.info/hautepierre/circuit368.html,AD,7,50
hautepierre-circuit367,Bleu D,https://bleau.info/hautepierre/circuit367.html,D,10,50
hautepierre-circuit366,Rouge TD,https://bleau.info/hautepierre/circuit366.html,TD,13,50
hautepierre-circuit365,Noir ED,https://bleau.info/hautepierre/circuit365.html,ED,16,50
pendu-circuit197,Bleu D+,https://bleau.info/pendu/circuit197.html,D+,11,53
pendu-circuit203,Blanc ED,https://bleau.info/pendu/circuit203.html,ED,16,53
telegraphe-circuit144,Jaune PD,https://bleau.info/telegraphe/circuit144.html,PD,4,56
telegraphe-circuit146,Bleu D+,https://bleau.info/telegraphe/circuit146.html,D+,11,56
telegraphe-circuit272,Noir ED+,https://bleau.info/telegraphe/circuit272.html,ED+,17,56
padole-circuit314,Jaune PD,https://bleau.info/padole/circuit314.html,PD,4,59
padole-circuit153,Orange AD+,https://bleau.info/padole/circuit153.html,AD+,8,59
padole-circuit147,Bleu D,https://bleau.info/padole/circuit147.html,D,10,59
padole-circuit149,Bleu D+,https://bleau.info/padole/circuit149.html,D+,11,59
padole-circuit148,Rouge TD,https://bleau.info/padole/circuit148.html,TD,13,59
padole-circuit150,Rouge TD+,https://bleau.info/padole/circuit150.html,TD+,14,59
padole-circuit151,Blanc ED+,https://bleau.info/padole/circuit151.html,ED+,17,59
canche-circuit82,Blanc EN,https://bleau.info/canche/circuit82.html,EN,1,62
canche-circuit361,Mauve PD-,https://bleau.info/canche/circuit361.html,PD-,3,62
canche-circuit81,Jaune PD+,https://bleau.info/canche/circuit81.html,PD+,5,62
canche-circuit79,Orange AD,https://bleau.info/canche/circuit79.html,AD,7,62
canche-circuit78,Bleu D+,https://bleau.info/canche/circuit78.html,D+,11,62
canche-circuit80,Rouge TD+,https://bleau.info/canche/circuit80.html,TD+,14,62
y-circuit181,Jaune F,https://bleau.info/y/circuit181.html,F,2,65
y-circuit182,Orange AD-,https://bleau.info/y/circuit182.html,AD-,6,65
y-circuit183,Bleu D+,https://bleau.info/y/circuit183.html,D+,11,65
y-circuit184,Rouge TD+,https://bleau.info/y/circuit184.html,TD+,14,65
y-circuit185,Noir ED,https://bleau.info/y/circuit185.html,ED,16,65
cuvierouest-circuit3,"Bleu ""philou"" TD-",https://bleau.info/cuvierouest/circuit3.html,TD-,12,68
chats-circuit326,Orange AD-,https://bleau.info/chats/circuit326.html,AD-,6,83
chats-circuit210,Bleu D,https://bleau.info/chats/circuit210.html,D,10,83
chats-circuit209,Rouge TD,https://bleau.info/chats/circuit209.html,TD,13,83
cul-circuit103,Orange AD-,https://bleau.info/cul/circuit103.html,AD-,6,85
cul-circuit101,Bleu D-,https://bleau.info/cul/circuit101.html,D-,9,85
cul-circuit102,Rouge TD+,https://bleau.info/cul/circuit102.html,TD+,14,85
solitude-circuit17,Bleu baltique D+,https://bleau.info/solitude/circuit17.html,D+,11,86
solitude-circuit18,Fraise écrasée D+,https://bleau.info/solitude/circuit18.html,D+,11,86
avonouest-circuit287,Jaune PD,https://bleau.info/avonouest/circuit287.html,PD,4,88
avonouest-circuit289,Noir TD-,https://bleau.info/avonouest/circuit289.html,TD-,12,88
chamarande-circuit222,Jaune PD,https://bleau.info/chamarande/circuit222.html,PD,4,89
chamarande-circuit90,Orange AD,https://bleau.info/chamarande/circuit90.html,AD,7,89
chamarande-circuit189,Bleu ciel D,https://bleau.info/chamarande/circuit189.html,D,10,89
chamarande-circuit212,Bleu D,https://bleau.info/chamarande/circuit212.html,D,10,89
chamarande-circuit211,Rouge TD,https://bleau.info/chamarande/circuit211.html,TD,13,89
chamarande-circuit191,Blanc ED,https://bleau.info/chamarande/circuit191.html,ED,16,89
oiseaux-circuit63,Enchaînement virtuel non fléché D+,https://bleau.info/oiseaux/circuit63.html,D+,11,92
apremontest-circuit13,Jaune PD+,https://bleau.info/apremontest/circuit13.html,PD+,5,94
apremontest-circuit14,Vert AD,https://bleau.info/apremontest/circuit14.html,AD,7,94
apremontest-circuit15,Orange AD+,https://bleau.info/apremontest/circuit15.html,AD+,8,94
apremontest-circuit20,Rouge ED-,https://bleau.info/apremontest/circuit20.html,ED-,15,94
apremontest-circuit22,Noir et blanc ED+,https://bleau.info/apremontest/circuit22.html,ED+,17,94
bouligny-circuit152,Enchaînement virtuel non fléché PD+,https://bleau.info/bouligny/circuit152.html,PD+,5,95
bouligny-circuit167,Enchaînement virtuel non fléché D,https://bleau.info/bouligny/circuit167.html,D,10,95
bouligny-circuit171,Enchaînement virtuel non fléché TD,https://bleau.info/bouligny/circuit171.html,TD,13,95
bouligny-circuit279,Enchaînement virtuel non fléché ABO,https://bleau.info/bouligny/circuit279.html,"",0,95
cornebiche-circuit252,Jaune PD-,https://bleau.info/cornebiche/circuit252.html,PD-,3,96
cornebiche-circuit251,Orange AD,https://bleau.info/cornebiche/circuit251.html,AD,7,96
cornebiche-circuit332,Orange AD,https://bleau.info/cornebiche/circuit332.html,AD,7,96
cornebiche-circuit250,Bleu D+,https://bleau.info/cornebiche/circuit250.html,D+,11,96
sarrazin-circuit340,Jaune PD,https://bleau.info/sarrazin/circuit340.html,PD,4,97
sarrazin-circuit261,Orange AD+,https://bleau.info/sarrazin/circuit261.html,AD+,8,97
sarrazin-circuit262,Bleu D,https://bleau.info/sarrazin/circuit262.html,D,10,97
sarrazin-circuit263,Noir TD+,https://bleau.info/sarrazin/circuit263.html,TD+,14,97
maincourt-circuit214,Blanc EN,https://bleau.info/maincourt/circuit214.html,EN,1,99
maincourt-circuit215,Jaune PD-,https://bleau.info/maincourt/circuit215.html,PD-,3,99
maincourt-circuit213,Orange AD,https://bleau.info/maincourt/circuit213.html,AD,7,99
maincourt-circuit207,Bleu TD-,https://bleau.info/maincourt/circuit207.html,TD-,12,99
maincourt-circuit208,Rouge TD+,https://bleau.info/maincourt/circuit208.html,TD+,14,99
demoiselles-circuit65,Orange AD,https://bleau.info/demoiselles/circuit65.html,AD,7,100
montsetmerveilles-circuit246,Enchaînement virtuel non fléché TD+,https://bleau.info/montsetmerveilles/circuit246.html,TD+,14,106
isatis-circuit356,Jaune PD,https://bleau.info/isatis/circuit356.html,PD,4,107
isatis-circuit37,Orange AD,https://bleau.info/isatis/circuit37.html,AD,7,107
isatis-circuit38,Bleu D-,https://bleau.info/isatis/circuit38.html,D-,9,107
isatis-circuit39,Rouge TD-,https://bleau.info/isatis/circuit39.html,TD-,12,107
isatis-circuit40,Blanc ED,https://bleau.info/isatis/circuit40.html,ED,16,107
etrechy-circuit220,Jaune PD,https://bleau.info/etrechy/circuit220.html,PD,4,118
etrechy-circuit359,Orange AD+,https://bleau.info/etrechy/circuit359.html,AD+,8,118
aigu-circuit70,Jaune PD,https://bleau.info/aigu/circuit70.html,PD,4,124
aigu-circuit71,Orange AD,https://bleau.info/aigu/circuit71.html,AD,7,124
aigu-circuit72,Bleu D+,https://bleau.info/aigu/circuit72.html,D+,11,124
plaines-circuit41,Jaune PD-,https://bleau.info/plaines/circuit41.html,PD-,3,126
plaines-circuit42,Jaune PD+,https://bleau.info/plaines/circuit42.html,PD+,5,126
plaines-circuit43,Orange AD+,https://bleau.info/plaines/circuit43.html,AD+,8,126
germainest-circuit61,Blanc EN,https://bleau.info/germainest/circuit61.html,EN,1,127
germainest-circuit62,Jaune PD+,https://bleau.info/germainest/circuit62.html,PD+,5,127
germainest-circuit320,Orange AD,https://bleau.info/germainest/circuit320.html,AD,7,127
germainest-circuit64,Bleu D+,https://bleau.info/germainest/circuit64.html,D+,11,127
germainest-circuit321,Rouge TD+,https://bleau.info/germainest/circuit321.html,TD+,14,127
mee-circuit258,Jaune PD+,https://bleau.info/mee/circuit258.html,PD+,5,130
mee-circuit115,Orange AD+,https://bleau.info/mee/circuit115.html,AD+,8,130
mee-circuit116,Bleu D,https://bleau.info/mee/circuit116.html,D,10,130
mee-circuit117,Rouge TD+,https://bleau.info/mee/circuit117.html,TD+,14,130
mignot-circuit243,Jaune PD-,https://bleau.info/mignot/circuit243.html,PD-,3,131
sabots-circuit389,Blanc EN,https://bleau.info/sabots/circuit389.html,EN,1,133
sabots-circuit97,Vert F,https://bleau.info/sabots/circuit97.html,F,2,133
sabots-circuit358,Jaune PD,https://bleau.info/sabots/circuit358.html,PD,4,133
sabots-circuit96,Orange AD,https://bleau.info/sabots/circuit96.html,AD,7,133
sabots-circuit98,Bleu D,https://bleau.info/sabots/circuit98.html,D,10,133
sabots-circuit99,Rouge TD+,https://bleau.info/sabots/circuit99.html,TD+,14,133
hercule-circuit269,Blanc EN,https://bleau.info/hercule/circuit269.html,EN,1,136
desert-circuit26,Jaune PD+,https://bleau.info/desert/circuit26.html,PD+,5,138
desert-circuit28,Orange AD,https://bleau.info/desert/circuit28.html,AD,7,138
desert-circuit349,Orange AD+,https://bleau.info/desert/circuit349.html,AD+,8,138
desert-circuit30,Bleu D+,https://bleau.info/desert/circuit30.html,D+,11,138
ermitage-circuit52,Blanc EN,https://bleau.info/ermitage/circuit52.html,EN,1,142
tennis-circuit315,Rouge TD,https://bleau.info/tennis/circuit315.html,TD,13,143
montussyest-circuit324,Jaune PD+,https://bleau.info/montussyest/circuit324.html,PD+,5,144
canard-circuit179,Jaune PD-,https://bleau.info/canard/circuit179.html,PD-,3,146
canard-circuit178,Orange AD,https://bleau.info/canard/circuit178.html,AD,7,146
canard-circuit177,Bleu D+,https://bleau.info/canard/circuit177.html,D+,11,146
canard-circuit176,Noir ED,https://bleau.info/canard/circuit176.html,ED,16,146
petit-circuit385,Jaune PD-,https://bleau.info/petit/circuit385.html,PD-,3,148
petit-circuit172,Orange AD-,https://bleau.info/petit/circuit172.html,AD-,6,148
petit-circuit173,Bleu D,https://bleau.info/petit/circuit173.html,D,10,148
petit-circuit174,Rouge TD+,https://bleau.info/petit/circuit174.html,TD+,14,148
petit-circuit175,Noir ED+,https://bleau.info/petit/circuit175.html,ED+,17,148
oiseauxproienord-circuit344,Jaune PD,https://bleau.info/oiseauxproienord/circuit344.html,PD,4,150
oiseauxproienord-circuit346,Orange AD,https://bleau.info/oiseauxproienord/circuit346.html,AD,7,150
cassepot-circuit327,Jaune PD,https://bleau.info/cassepot/circuit327.html,PD,4,153
cassepot-circuit377,Vert D-,https://bleau.info/cassepot/circuit377.html,D-,9,153
troglodyte-circuit331,Jaune PD,https://bleau.info/troglodyte/circuit331.html,PD,4,156
troglodyte-circuit280,Orange AD+,https://bleau.info/troglodyte/circuit280.html,AD+,8,156
troglodyte-circuit330,Bleu D,https://bleau.info/troglodyte/circuit330.html,D,10,156
jouanne-circuit161,Jaune PD,https://bleau.info/jouanne/circuit161.html,PD,4,158
jouanne-circuit160,Orange AD-,https://bleau.info/jouanne/circuit160.html,AD-,6,158
jouanne-circuit154,Mauve AD+,https://bleau.info/jouanne/circuit154.html,AD+,8,158
jouanne-circuit155,Bleu D,https://bleau.info/jouanne/circuit155.html,D,10,158
jouanne-circuit158,Rouge TD-,https://bleau.info/jouanne/circuit158.html,TD-,12,158
jouanne-circuit157,Rouge TD,https://bleau.info/jouanne/circuit157.html,TD,13,158
jouanne-circuit156,Blanc ED,https://bleau.info/jouanne/circuit156.html,ED,16,158
jouanne-circuit290,Noir ED+,https://bleau.info/jouanne/circuit290.html,ED+,17,158
hameau-circuit388,Vert F,https://bleau.info/hameau/circuit388.html,F,2,159
hameau-circuit271,Jaune PD-,https://bleau.info/hameau/circuit271.html,PD-,3,159
hameau-circuit136,Orange AD-,https://bleau.info/hameau/circuit136.html,AD-,6,159
hameau-circuit137,Bleu D,https://bleau.info/hameau/circuit137.html,D,10,159
hameau-circuit347,Enchaînement virtuel non fléché D,https://bleau.info/hameau/circuit347.html,D,10,159
hameau-circuit132,Rouge TD-,https://bleau.info/hameau/circuit132.html,TD-,12,159
hameau-circuit133,Noir ED-,https://bleau.info/hameau/circuit133.html,ED-,15,159
loutteville-circuit142,Rose EN,https://bleau.info/loutteville/circuit142.html,EN,1,163
loutteville-circuit143,Blanc F,https://bleau.info/loutteville/circuit143.html,F,2,163
loutteville-circuit348,Vert F,https://bleau.info/loutteville/circuit348.html,F,2,163
loutteville-circuit342,Jaune PD,https://bleau.info/loutteville/circuit342.html,PD,4,163
loutteville-circuit145,Orange AD,https://bleau.info/loutteville/circuit145.html,AD,7,163
loutteville-circuit351,Enchaînement virtuel non fléché D,https://bleau.info/loutteville/circuit351.html,D,10,163
darvault-circuit322,Jaune PD-,https://bleau.info/darvault/circuit322.html,PD-,3,174
darvault-circuit319,Orange AD,https://bleau.info/darvault/circuit319.html,AD,7,174
darvault-circuit318,Bleu D,https://bleau.info/darvault/circuit318.html,D,10,174
poteau-circuit256,Jaune PD,https://bleau.info/poteau/circuit256.html,PD,4,180
poteau-circuit353,Orange AD,https://bleau.info/poteau/circuit353.html,AD,7,180
centmarches-circuit274,Jaune PD,https://bleau.info/centmarches/circuit274.html,PD,4,181
centmarches-circuit273,Orange AD+,https://bleau.info/centmarches/circuit273.html,AD+,8,181
cuisiniere-circuit337,Jaune PD+,https://bleau.info/cuisiniere/circuit337.html,PD+,5,183
cuisiniere-circuit47,Orange AD+,https://bleau.info/cuisiniere/circuit47.html,AD+,8,183
cuisiniere-circuit48,Rouge TD-,https://bleau.info/cuisiniere/circuit48.html,TD-,12,183
cuisiniere-circuit49,Blanc ED,https://bleau.info/cuisiniere/circuit49.html,ED,16,183
apremontouest-circuit12,Blanc EN,https://bleau.info/apremontouest/circuit12.html,EN,1,184
apremontouest-circuit23,Orange AD,https://bleau.info/apremontouest/circuit23.html,AD,7,184
apremontouest-circuit372,Enchaînement virtuel non fléché D+,https://bleau.info/apremontouest/circuit372.html,D+,11,184
apremontouest-circuit24,Rouge TD+,https://bleau.info/apremontouest/circuit24.html,TD+,14,184
grandemontagne-circuit253,Orange D-,https://bleau.info/grandemontagne/circuit253.html,D-,9,186
cathedrale-circuit248,Orange AD+,https://bleau.info/cathedrale/circuit248.html,AD+,8,191
guichot-circuit109,Orange AD-,https://bleau.info/guichot/circuit109.html,AD-,6,195
guichot-circuit110,Bleu D,https://bleau.info/guichot/circuit110.html,D,10,195
guichot-circuit111,Rouge TD+,https://bleau.info/guichot/circuit111.html,TD+,14,195
fin-circuit118,Jaune PD,https://bleau.info/fin/circuit118.html,PD,4,198
fin-circuit119,Orange AD,https://bleau.info/fin/circuit119.html,AD,7,198
fin-circuit120,Bleu D,https://bleau.info/fin/circuit120.html,D,10,198
fin-circuit121,Rouge TD+,https://bleau.info/fin/circuit121.html,TD+,14,198
envers-circuit31,Jaune PD,https://bleau.info/envers/circuit31.html,PD,4,201
envers-circuit32,Orange AD+,https://bleau.info/envers/circuit32.html,AD+,8,201
envers-circuit33,Rouge TD,https://bleau.info/envers/circuit33.html,TD,13,201
olivet-circuit286,Orange AD,https://bleau.info/olivet/circuit286.html,AD,7,202
olivet-circuit285,Bleu D,https://bleau.info/olivet/circuit285.html,D,10,202
rempart-circuit10,Rouge AD-,https://bleau.info/rempart/circuit10.html,AD-,6,205
rempart-circuit9,Jaune D,https://bleau.info/rempart/circuit9.html,D,10,205
rempart-circuit11,Noir ED-,https://bleau.info/rempart/circuit11.html,ED-,15,205
biches-circuit25,Orange PD,https://bleau.info/biches/circuit25.html,PD,4,211
biches-circuit27,Orange AD,https://bleau.info/biches/circuit27.html,AD,7,211
apremontsanglier-circuit29,Orange AD,https://bleau.info/apremontsanglier/circuit29.html,AD,7,212
canon-circuit54,Blanc EN,https://bleau.info/canon/circuit54.html,EN,1,214
canon-circuit55,Jaune PD+,https://bleau.info/canon/circuit55.html,PD+,5,214
canon-circuit387,Mauve PD+,https://bleau.info/canon/circuit387.html,PD+,5,214
canon-circuit56,Orange AD+,https://bleau.info/canon/circuit56.html,AD+,8,214
canon-circuit57,Bleu D,https://bleau.info/canon/circuit57.html,D,10,214
canon-circuit58,Bleu ciel D+,https://bleau.info/canon/circuit58.html,D+,11,214
canon-circuit59,Rouge ED-,https://bleau.info/canon/circuit59.html,ED-,15,214
canon-circuit281,Noir ED-,https://bleau.info/canon/circuit281.html,ED-,15,214
canon-circuit60,Blanc ED+,https://bleau.info/canon/circuit60.html,ED+,17,214
potets-circuit88,Jaune PD,https://bleau.info/potets/circuit88.html,PD,4,215
potets-circuit91,Orange AD,https://bleau.info/potets/circuit91.html,AD,7,215
chambergeot-circuit317,Jaune PD-,https://bleau.info/chambergeot/circuit317.html,PD-,3,217
chambergeot-circuit255,Orange AD+,https://bleau.info/chambergeot/circuit255.html,AD+,8,217
diplodocus-circuit112,Jaune PD,https://bleau.info/diplodocus/circuit112.html,PD,4,218
diplodocus-circuit113,Orange AD,https://bleau.info/diplodocus/circuit113.html,AD,7,218
diplodocus-circuit114,Bleu D,https://bleau.info/diplodocus/circuit114.html,D,10,218
chatillon-circuit277,Jaune PD,https://bleau.info/chatillon/circuit277.html,PD,4,221
chatillon-circuit302,Orange AD,https://bleau.info/chatillon/circuit302.html,AD,7,221
chatillon-circuit265,Bleu D,https://bleau.info/chatillon/circuit265.html,D,10,221
chatillon-circuit303,Rouge TD,https://bleau.info/chatillon/circuit303.html,TD,13,221
chatillon-circuit301,Noir ED,https://bleau.info/chatillon/circuit301.html,ED,16,221
troche-circuit300,Jaune PD+,https://bleau.info/troche/circuit300.html,PD+,5,226
troche-circuit217,Bleu D,https://bleau.info/troche/circuit217.html,D,10,226
troche-circuit218,Rouge TD,https://bleau.info/troche/circuit218.html,TD,13,226
calvaire-circuit336,Jaune PD,https://bleau.info/calvaire/circuit336.html,PD,4,227
calvaire-circuit74,Orange AD,https://bleau.info/calvaire/circuit74.html,AD,7,227
calvaire-circuit335,Bleu D,https://bleau.info/calvaire/circuit335.html,D,10,227
cassis-circuit95,Orange AD,https://bleau.info/cassis/circuit95.html,AD,7,229
cassis-circuit371,Bleu D+,https://bleau.info/cassis/circuit371.html,D+,11,229
sablons-circuit375,Jaune PD,https://bleau.info/sablons/circuit375.html,PD,4,231
sablons-circuit360,Orange AD,https://bleau.info/sablons/circuit360.html,AD,7,231
sablons-circuit44,Bleu D,https://bleau.info/sablons/circuit44.html,D,10,231
sablons-circuit45,Rouge TD,https://bleau.info/sablons/circuit45.html,TD,13,231
general-circuit257,Jaune PD+,https://bleau.info/general/circuit257.html,PD+,5,232
general-circuit188,Bleu TD-,https://bleau.info/general/circuit188.html,TD-,12,232
belvedere-circuit293,Jaune PD-,https://bleau.info/belvedere/circuit293.html,PD-,3,239
belvedere-circuit294,Orange AD,https://bleau.info/belvedere/circuit294.html,AD,7,239
belvedere-circuit323,Orange AD,https://bleau.info/belvedere/circuit323.html,AD,7,239
rond-circuit376,Jaune PD+,https://bleau.info/rond/circuit376.html,PD+,5,242
rond-circuit76,Orange AD,https://bleau.info/rond/circuit76.html,AD,7,242
rond-circuit75,Bleu D+,https://bleau.info/rond/circuit75.html,D+,11,242
rond-circuit77,Rouge ED-,https://bleau.info/rond/circuit77.html,ED-,15,242
maunoury-circuit163,Orange AD-,https://bleau.info/maunoury/circuit163.html,AD-,6,244
maunoury-circuit162,Bleu D,https://bleau.info/maunoury/circuit162.html,D,10,244
maunoury-circuit164,Rouge TD+,https://bleau.info/maunoury/circuit164.html,TD+,14,244
telegraphe2-circuit266,Caramel EN,https://bleau.info/telegraphe2/circuit266.html,EN,1,246
telegraphe2-circuit333,Rose EN,https://bleau.info/telegraphe2/circuit333.html,EN,1,246
telegraphe2-circuit329,Jaune PD+,https://bleau.info/telegraphe2/circuit329.html,PD+,5,246
telegraphe2-circuit328,Jaune AD-,https://bleau.info/telegraphe2/circuit328.html,AD-,6,246
telegraphe2-circuit260,Bleu D+,https://bleau.info/telegraphe2/circuit260.html,D+,11,246
beauvais-circuit138,Blanc EN,https://bleau.info/beauvais/circuit138.html,EN,1,249
beauvais-circuit140,Jaune PD,https://bleau.info/beauvais/circuit140.html,PD,4,249
beauvais-circuit141,Orange AD+,https://bleau.info/beauvais/circuit141.html,AD+,8,249
beauvais-circuit128,Bleu D,https://bleau.info/beauvais/circuit128.html,D,10,249
beauvais-circuit129,Rouge TD+,https://bleau.info/beauvais/circuit129.html,TD+,14,249
beauvais-circuit304,Noir ED-,https://bleau.info/beauvais/circuit304.html,ED-,15,249
beauvais-circuit130,Noir et blanc ED+,https://bleau.info/beauvais/circuit130.html,ED+,17,249
meyer-circuit51,Rouge D+,https://bleau.info/meyer/circuit51.html,D+,11,251
cuvier.nord-circuit4,Bleu D-,https://bleau.info/cuvier.nord/circuit4.html,D-,9,253
gros-circuit92,Orange AD+,https://bleau.info/gros/circuit92.html,AD+,8,254
gros-circuit93,Bleu D+,https://bleau.info/gros/circuit93.html,D+,11,254
gros-circuit94,Noir ED-,https://bleau.info/gros/circuit94.html,ED-,15,254
bizons-circuit205,Blanc EN,https://bleau.info/bizons/circuit205.html,EN,1,255
bizons-circuit363,Jaune PD+,https://bleau.info/bizons/circuit363.html,PD+,5,255
bizons-circuit34,Orange AD+,https://bleau.info/bizons/circuit34.html,AD+,8,255
bizons-circuit35,Bleu D,https://bleau.info/bizons/circuit35.html,D,10,255
bizons-circuit364,Enchaînement virtuel non fléché D+,https://bleau.info/bizons/circuit364.html,D+,11,255
bizons-circuit36,Rouge TD,https://bleau.info/bizons/circuit36.html,TD,13,255
merantais-circuit378,Enchaînement virtuel non fléché AD,https://bleau.info/merantais/circuit378.html,AD,7,256
segognole-circuit236,Jaune PD+,https://bleau.info/segognole/circuit236.html,PD+,5,262
segognole-circuit237,Orange AD+,https://bleau.info/segognole/circuit237.html,AD+,8,262
segognole-circuit238,Rouge TD,https://bleau.info/segognole/circuit238.html,TD,13,262
martin-circuit122,Blanc EN,https://bleau.info/martin/circuit122.html,EN,1,263
martin-circuit123,Jaune PD,https://bleau.info/martin/circuit123.html,PD,4,263
martin-circuit124,Orange AD+,https://bleau.info/martin/circuit124.html,AD+,8,263
martin-circuit259,Orange AD+,https://bleau.info/martin/circuit259.html,AD+,8,263
martin-circuit125,Bleu clair D,https://bleau.info/martin/circuit125.html,D,10,263
martin-circuit126,Bleu D+,https://bleau.info/martin/circuit126.html,D+,11,263
martin-circuit127,Rouge TD+,https://bleau.info/martin/circuit127.html,TD+,14,263
beauvaisest-circuit350,Enchaînement virtuel non fléché TD-,https://bleau.info/beauvaisest/circuit350.html,TD-,12,266
95.2-circuit87,Jaune PD+,https://bleau.info/95.2/circuit87.html,PD+,5,267
95.2-circuit341,Orange AD,https://bleau.info/95.2/circuit341.html,AD,7,267
95.2-circuit84,Bleu D,https://bleau.info/95.2/circuit84.html,D,10,267
95.2-circuit85,Rouge TD-,https://bleau.info/95.2/circuit85.html,TD-,12,267
95.2-circuit86,Blanc ED-,https://bleau.info/95.2/circuit86.html,ED-,15,267
videlles-circuit235,Jaune PD,https://bleau.info/videlles/circuit235.html,PD,4,268
videlles-circuit195,Orange AD,https://bleau.info/videlles/circuit195.html,AD,7,268
videlles-circuit231,Orange AD+,https://bleau.info/videlles/circuit231.html,AD+,8,268
videlles-circuit194,Bleu D-,https://bleau.info/videlles/circuit194.html,D-,9,268
videlles-circuit229,Bleu D+,https://bleau.info/videlles/circuit229.html,D+,11,268
videlles-circuit228,Bleu D+,https://bleau.info/videlles/circuit228.html,D+,11,268
videlles-circuit227,Rose ED-,https://bleau.info/videlles/circuit227.html,ED-,15,268
videlles-circuit196,Noir ED,https://bleau.info/videlles/circuit196.html,ED,16,268
villeneuve-circuit225,Bleu D,https://bleau.info/villeneuve/circuit225.html,D,10,273
villeneuve-circuit226,Rouge TD+,https://bleau.info/villeneuve/circuit226.html,TD+,14,273
sanglier-circuit239,Jaune PD,https://bleau.info/sanglier/circuit239.html,PD,4,276
sanglier-circuit192,Orange AD,https://bleau.info/sanglier/circuit192.html,AD,7,276
sanglier-circuit240,Bleu D,https://bleau.info/sanglier/circuit240.html,D,10,276
sanglier-circuit193,Rouge TD-,https://bleau.info/sanglier/circuit193.html,TD-,12,276
sanglier-circuit241,Rose TD+,https://bleau.info/sanglier/circuit241.html,TD+,14,276
sanglier-circuit242,Noir ED,https://bleau.info/sanglier/circuit242.html,ED,16,276
reine-circuit202,Jaune PD+,https://bleau.info/reine/circuit202.html,PD+,5,281
reine-circuit186,Bleu D+,https://bleau.info/reine/circuit186.html,D+,11,281
mammouths-circuit384,Jaune PD,https://bleau.info/mammouths/circuit384.html,PD,4,284
milan-circuit380,Enchaînement virtuel non fléché PD,https://bleau.info/milan/circuit380.html,PD,4,285
milan-circuit379,Enchaînement virtuel non fléché AD,https://bleau.info/milan/circuit379.html,AD,7,285
milan-circuit381,Enchaînement virtuel non fléché D,https://bleau.info/milan/circuit381.html,D,10,285
milan-circuit382,Enchaînement virtuel non fléché TD,https://bleau.info/milan/circuit382.html,TD,13,285
apremont-circuit16,Bleu outremer D,https://bleau.info/apremont/circuit16.html,D,10,290
apremont-circuit19,Saumon TD-,https://bleau.info/apremont/circuit19.html,TD-,12,290
apremont-circuit21,Bleu ciel ED-,https://bleau.info/apremont/circuit21.html,ED-,15,290
